refdate,business_days,dv01
2026-07-20,1,0.034743
2026-07-20,10,0.345795
2026-07-20,31,1.061446
2026-07-20,52,1.762300
2026-07-20,73,2.448398
2026-07-20,92,3.055573
2026-07-20,114,3.743211
2026-07-20,134,4.353262
2026-07-20,152,4.890590
2026-07-20,174,5.533715
2026-07-20,195,6.132367
2026-07-20,215,6.689702
2026-07-20,237,7.286497
2026-07-20,259,7.869603
2026-07-20,302,8.966239
2026-07-20,322,9.458915
2026-07-20,342,9.941288
2026-07-20,365,10.479596
2026-07-20,428,11.871568
2026-07-20,489,13.109049
2026-07-20,553,14.304158
2026-07-20,574,14.674099
2026-07-20,593,15.004191
2026-07-20,613,15.332095
2026-07-20,674,16.288592
2026-07-20,737,17.194829
2026-07-20,801,18.046713
2026-07-20,823,18.319601
2026-07-20,842,18.547071
2026-07-20,862,18.777139
2026-07-20,923,19.453946
2026-07-20,985,20.070415
2026-07-20,1051,20.657688
2026-07-20,1114,21.148656
2026-07-20,1175,21.562906
2026-07-20,1236,21.952429
2026-07-20,1302,22.305000
2026-07-20,1366,22.577840
2026-07-20,1618,23.311765
2026-07-20,1869,23.530173
2026-07-20,2117,23.319770
2026-07-20,2366,22.777996
2026-07-20,2619,21.955658
2026-07-20,2868,21.101249
2026-07-20,3119,20.108867
2026-07-20,3370,19.025125
2026-07-20,3620,17.884432
