refdate,business_days,dv01
2026-07-24,1,0.034744
2026-07-24,6,0.207917
2026-07-24,27,0.926567
2026-07-24,48,1.630085
2026-07-24,69,2.318464
2026-07-24,88,2.927806
2026-07-24,110,3.617667
2026-07-24,130,4.229884
2026-07-24,148,4.768865
2026-07-24,170,5.413855
2026-07-24,191,6.015007
2026-07-24,211,6.574273
2026-07-24,233,7.173644
2026-07-24,255,7.759210
2026-07-24,298,8.860270
2026-07-24,318,9.355076
2026-07-24,338,9.838564
2026-07-24,361,10.377450
2026-07-24,424,11.772419
2026-07-24,485,13.012047
2026-07-24,549,14.204051
2026-07-24,570,14.573367
2026-07-24,589,14.898212
2026-07-24,609,15.233634
2026-07-24,670,16.191421
2026-07-24,733,17.101469
2026-07-24,797,17.951479
2026-07-24,819,18.226492
2026-07-24,838,18.454080
2026-07-24,858,18.684267
2026-07-24,919,19.358727
2026-07-24,981,19.965433
2026-07-24,1047,20.559581
2026-07-24,1110,21.051641
2026-07-24,1171,21.475616
2026-07-24,1232,21.851118
2026-07-24,1298,22.197488
2026-07-24,1362,22.467453
2026-07-24,1614,23.191986
2026-07-24,1865,23.377760
2026-07-24,2113,23.132187
2026-07-24,2362,22.612121
2026-07-24,2615,21.752773
2026-07-24,2864,20.852582
2026-07-24,3115,19.853777
2026-07-24,3366,18.766379
2026-07-24,3616,17.624739
